INSERT INTO `adicionales` (`id`, `nombre`, `precio`) VALUES
(1, 'Asientos de cuero', 37.6),
(2, 'Cortinas black out', 25.5),
(3, 'Aire acondicionado', 46),
(4, 'Iluminacion led', 22),
(5, 'Vidrios espejados', 12.4),
(6, 'Paneles solares', 42);

INSERT INTO `estilos` (`id`, `descripcion`, `imagen`, `precio`, `titulo`) VALUES
(1, 'El estilo minimalista es una de las corrientes de diseño de interiores más reconocibles. Se caracteriza por sus líneas puras —sencillas y geométricas—, los colores neutros y la falta de elementos decorativos. En general, la premisa por excelencia de la decoración minimalista es: menos es más. Otras características comunes en los espacios de decoración minimalista son: 1) Muebles verdaderamente funcionales, que ocultan almacenaje o suplen varias funciones. 2) A pesar de destacar los tonos neutros, se utilizan acentos de colores primarios para aportan interés visual. 3) Se evitan los estampados. 4) Se trata de maximizar la luz natural. 5) No se teme al espacio abierto o las paredes vacías.', 'minimalista.jpg', 149.9, 'Minimalista'),
(2, 'Este estilo de decoración tiene un ambiente cálido y acogedor, que invita a relajarse. Los elementos de este estilo suelen incluir materiales naturales como madera y tejidos suaves, y se centra en crear espacios donde cada rincón se sienta vivido y cómodo.\r\nLos textiles son clave en este estilo: mantas, alfombras tejidas, y cojines con texturas de lana o algodón ayudan a lograr esa sensación hogareña. Las lámparas de mesa o luces cálidas contribuye a crear una iluminación suave y relajante.\r\nEl objetivo es lograr un espacio funcional pero lleno de vida y personalidad, que se sienta cómodo y auténtico.', 'hogareño.jpg', 135, 'Hogareño'),
(3, 'El estilo de decoración elegante es un diseño sofisticado y atemporal. Los materiales juegan un rol esencial: el mármol, el cristal y los metales brillantes (como el bronce o el oro) son ideales. Además, el mobiliario debe tener líneas limpias y bien definidas, con detalles sutiles que refuercen la sensación de lujo, como los bordes pulidos, las superficies lacadas o los tapizados en terciopelo o cuero de alta calidad. La iluminación es fundamental en este estilo: arañas de cristal, lámparas de pie con bases metálicas elegantes, y apliques de pared con acabados en cromo o latón aportan un aire sofisticado y crean una atmósfera sofisticada. Todo esto, combinado, transforma cualquier ambiente en un espacio elegante, moderno y digno de admiración.', 'elegante.jpg', 169.9, 'Elegante'),
(4, 'La esencia del estilo moderno en diseño de interiores incluye formas básicas, líneas y curvas funcionales, materiales como metal, cromo y vidrio, y muebles sin partes ornamentadas. El estilo moderno presenta interiores limpios, sencillos y serenos. \r\nLas líneas limpias, la ornamentación no aplicada y el deseo de abrazar y celebrar los materiales y métodos que ofrecen las nuevas innovaciones tecnológicas son características fundamentales del diseño interior moderno. El estilo moderno, tal como lo conocemos hoy en día, surgió de un movimiento que comenzó con la Revolución Industrial a fines del siglo XIX.', 'moderno.jpg', 180, 'Moderno'),
(5, 'La intención de este estilo es traer la naturaleza al interior para crear casas rurales que transmitan armonía, bienestar y confort. Si la casa tiene elementos antiguos, es importante mantener ese carácter. \r\nSon espacios principalmente frescos con elementos cálidos. En otras palabras, muros en tonos fríos que brinden luminosidad, con colores cálidos. \r\nAunque los pisos y muebles de madera y empedrados son los favoritos, hay una gran variedad de materiales naturales que van muy bien en este estilo. Los imprescindibles son madera, piedra, barro, mimbre y cerámica.', 'rustico.jpg', 120, 'Rústico');

INSERT INTO `servicios` (`id`, `descripcion`, `imagen`, `titulo`) VALUES
(1, 'Cada vez más, los techos-cama elevables son más solicitados. Nos parece normal, ya que, a la hora de conducir, este techo no ocupa espacio ni en la parte exterior de la furgoneta (unos centímetros), ni en el interior, pero una vez estacionas para descansar, o pernoctar, levantas techo y tienes espacio suficiente en la furgo para estar de pie, y en el caso de dormir, una cama adicional en el techo.\r\nNosotros montamos techos elevables continuamente, y somos especialistas en su montaje. Llevamos 10 años montando techos de forma activa, en cualquier tipo de furgoneta para la que exista techo-cama elevable homologado.', 'art-1.jpg', 'Techos elevables'),
(2, 'Cuando realizamos una camperización, podemos decidir qué necesitamos y qué no necesitamos, y la batería auxiliar es una de las instalaciones obligatorias que hacemos en una furgo/camper.\r\n\r\nTe preguntarás, ¿por qué es así? Y bueno, nuestro vehículo, tiene un alternador que cuando está el motor en marcha, carga la batería del motor, una batería que tenemos que tener siempre cargada para no quedarnos tirados en la carretera. Por tanto, nuestra instalación de Batería Auxiliar contiene una segunda batería conectada con la principal (del motor), con un relé entre ellas, para que una vez se pare el vehículo, este relé se active y deje la batería del motor aislada.\r\n\r\nLa batería instalada, dependiendo del espacio que tengamos en la furgoneta, podrá ser de 95Ah, de 100Ah, 120Ah, 150Ah, 200Ah o 250Ah.', 'art-2.jpg', 'Baterías auxiliares'),
(3, 'Mucha gente considera que, ésta, no es una instalación obligatoria. Cada uno sabe cuánto y cuándo sale con la furgoneta para pernoctar. Algunos usuarios dicen realizar sus viajes durante la época de verano, y durante esta época no consideran necesaria la calefacción.\r\n\r\nNosotros no creemos que esto sea así. Además de que somos partidarios de viajar y disfrutar de nuestra furgo todo el año, incluso en épocas calurosas, hay sitios y altitudes donde se agradece tener la calefacción estacionaria. Almenos, cuando hablamos con nuestros clientes, y entre furgoneteros, esta es una de las inversiones más gratificantes que se pueden hacer.', 'art-3.jpg', 'Calefacción estacionaria'),
(4, 'El asiento cama es un accesorio que la mayoría de usuarios que deciden camperizar una furgoneta de tamaño mediano (Caravelle, Vito, Trafic, Transit Custom, etc.) lo ven necesario. Este tipo de campers cumplen la función de viaje y de vehículo diario, que en muchas ocasiones, requiere de 4/5 plazas de viaje.\r\n\r\nPor tanto, este asiento permite al usuario, poder transportar a 2/3 personas más detrás, y de esta forma tener un vehículo de 4/5 plazas, que en cualquier momento se puede utilizar para ir de viaje, y si tiene el techo elevable, pueden dormir 4/5 en la furgoneta.', 'art-4.jpg', 'Asiento cama'),
(5, 'Cuando buscamos una buena distribución, lo que buscamos es aprovechar al máximo cada milímetro de nuestro espacio, almacenamiento útil, generar amplitud dentro del habitáculo y sobretodo que los muebles sean bonitos para sentirse en un hogar acogedor.\r\n\r\nNosotros llevamos más de 8 años en el sector, fabricando muebles para todo tipo de furgonetas, adaptándonos completamente al chasis, tanto con la madera, como con el poliéster, garantizando a todos nuestros clientes un aprovechamiento total del espacio.\r\n\r\nPor otro lado, trabajamos con madera específica y especializada para conseguir una mayor calidad sin aumentar mucho el peso. La madera que manipulamos es madera contrachapada de chopo aplacada en HPL por ambas caras, de esta forma tenemos una madera de calidad recubierta por un material de alta dureza.', 'art-5.jpg', 'Mobiliario camper'),
(6, 'Una de las partes más importantes a la hora de camperizar la furgoneta y a tener en cuenta antes de empezar con el mobiliario es el aislamiento y el panelado. En nuestras instalaciones trabajamos con aislante Kaiflex de distintas medidas: dependiendo del tipo de vehículo y del tipo de viajes que vamos a realizar.\r\n\r\nUna vez se realiza el Aislamiento y se pasa el cableado y mangueras, llega el panelado. Tenemos una nave habilitada donde sólo trabajamos poliéster, realizando depósitos de agua limpia y sucia que adaptamos tanto al interior de la furgoneta, como el paso de rueda, como por debajo de la furgoneta, al chasis. Un gran porcentaje del trabajo que realizamos en poliéster es para el panelado, ya que sacamos en distinto color, paneles para tapar la chapa del vehículo y ofrecer una calidad real y visual de la camperización, consiguiéndo bolsilleros y huecos útiles al mismo tiempo que tapamos toda la chapa viva del habitáculo interior.', 'art-6.jpg', 'Aislamiento y panelado'),
(7, 'La mayoría de los elementos en las furgos suelen funcionar a 12 V (batería auxiliar, placas solares, puntos de luz, tomas de mechero, etc…) Además la mayoría de electrodomésticos que venden para furgos, como neveras, boyler, TV y demás, son a 12 V.\r\n\r\nSi únicamente se instala un inversor sin sacar ninguna línea a 220V a partir de este, no será necesario instalar ninguna protección adicional, aunque si será necesario tramitar igualmente el boletín.\r\n\r\nDesde la toma exterior de corriente o aguas abajo del inversor, se tendrá una instalación eléctrica como cualquier vivienda, local comercial y por tanto es necesario dotarla de protección según se indica en el reglamento eléctrico de baja tensión.', 'art-7.jpg', 'Instalaciones eléctricas'),
(8, 'Disponer de un sistema de agua en nuestra camper será un punto fuerte a tener en cuenta en el momento de diseñar el proyecto de camperización.\r\nContar con agua para ducharnos o cocinar nos va a proporcionar mayor grado de autonomía dentro de nuestra caravana.\r\n\r\nTener agua caliente en los meses más fríos es fundamental para poder disfrutar de la experiencia al 100%. También podrás disponer de agua para sanitarios. Cuenta con el agua que necesites ¡como si estuvieras en tu casa!', 'art-8.jpg', 'Instalaciones de agua'),
(9, 'Nuestro taller, además de trabajar con un estudio de ingeniería para realizar las homologaciones de las instalaciones que montamos, también trabajamos con especialistas certificados en instalaciones de gas que revisan nuestros trabajos, garantizándonos por contrato, un boletín de gas que nos legaliza la instalación.\r\n\r\nNuestros operarios, son técnicos especialistas en su trabajo, todos conocemos la normativa, y a la hora de realizar cualquier instalación, nos adaptamos a ella para que una vez terminemos el trabajo, pasemos la homologación diréctamente y la entrega se haga lo antes posible.', 'art-9.jpg', 'Instalación de gas');

INSERT INTO `usuarios` (`id`, `apellido`, `contrasena`, `email`, `nombre`) VALUES
(1, 'Quiroz', '123', 'martinq@gmail.com', 'Martin'),
(2, 'Milo', '123', 'yayomil@gmail.com', 'Yayo');

INSERT INTO `productos` (`id`, `categoria`, `descripcion`, `es_personalizado`, `imagen`, `paleta_colores`, `precio`, `titulo`, `estilo_id`) VALUES
(1, 'Motorhome', 'Un excelente vehículo con todas las comodidades de un hogar. Viene equipado con zonas de descanso, cocina, baño y un área de estar, todo en un solo vehículo. El diseño interior es modular y práctico, para que sea funcional y cómodo durante viajes largos. La cocina incluye una heladera pequeña, hornallas de gas, y el baño. También, trae un generador de energía autónomo para proporcionar electricidad en distintas áreas.', b'0', 'aventura.png', 1, 79999.9, 'Espaciosa Aventura', 2),
(2, 'Mini motorhome', 'Un mini motorhome es una versión compacta de los clásicos motorhomes, diseñada especialmente para quienes buscan la experiencia de viaje en una casa rodante, pero con un tamaño más manejable y mayor facilidad de maniobra. Ideal para una o dos personas, el mini motorhome incluye las comodidades básicas, como una pequeña cocina, espacio de almacenamiento, y una cama convertible que optimiza el espacio disponible. Además, su tamaño lo hace ideal para explorar tanto rutas urbanas como caminos rurales, permitiendo a los aventureros moverse con facilidad sin sacrificar el confort en sus escapadas.', b'0', 'camper-benivan.jpg', 4, 56000, 'Camper Benivan', 1),
(3, 'Casa rodante', 'Una casa rodante es un vehículo especialmente diseñado para ofrecer comodidad y funcionalidad a la hora de viajar. Equipadas con varias áreas esenciales como cocina, baño, dormitorio y espacio para almacenamiento, estas casas móviles permiten a sus ocupantes disfrutar de la libertad de recorrer rutas y paisajes sin perder el confort de un hogar. Las casas rodantes vienen en diversos tamaños y estilos, desde modelos compactos hasta versiones familiares, y están pensadas para adaptarse a diferentes tipos de aventuras, ya sean largos viajes por carretera o escapadas de fin de semana. Ideales para quienes buscan un estilo de vida nómada o simplemente desean explorar nuevos destinos con flexibilidad y comodidad.', b'0', 'casa-rodante.jpg', 0, 16000, 'Casa rodante Kaisen', 2),
(4, 'Mini motorhome', 'Un mini motorhome es una versión compacta de los clásicos motorhomes, diseñada especialmente para quienes buscan la experiencia de viaje en una casa rodante, pero con un tamaño más manejable y mayor facilidad de maniobra. Ideal para una o dos personas, el mini motorhome incluye las comodidades básicas, como una pequeña cocina, espacio de almacenamiento, y una cama convertible que optimiza el espacio disponible. Además, su tamaño lo hace ideal para explorar tanto rutas urbanas como caminos rurales, permitiendo a los aventureros moverse con facilidad sin sacrificar el confort en sus escapadas.', b'0', 'combi.png', 6, 23000, 'Combi Playera', 5),
(5, 'Motorhome', 'Un excelente vehículo con todas las comodidades de un hogar. Viene equipado con zonas de descanso, cocina, baño y un área de estar, todo en un solo vehículo. El diseño interior es modular y práctico, para que sea funcional y cómodo durante viajes largos. La cocina incluye una heladera pequeña, hornallas de gas, y el baño. También, trae un generador de energía autónomo para proporcionar electricidad en distintas áreas.', b'0', 'ducato.png', 3, 73000, 'Motorhome ducato', 3),
(6, 'Motorhome', 'Un excelente vehículo con todas las comodidades de un hogar. Viene equipado con zonas de descanso, cocina, baño y un área de estar, todo en un solo vehículo. El diseño interior es modular y práctico, para que sea funcional y cómodo durante viajes largos. La cocina incluye una heladera pequeña, hornallas de gas, y el baño. También, trae un generador de energía autónomo para proporcionar electricidad en distintas áreas.', b'0', 'familiar-lujo.png', 4, 120000, 'Familiar de lujo', 4),
(7, 'Motorhome', 'Un excelente vehículo con todas las comodidades de un hogar. Viene equipado con zonas de descanso, cocina, baño y un área de estar, todo en un solo vehículo. El diseño interior es modular y práctico, para que sea funcional y cómodo durante viajes largos. La cocina incluye una heladera pequeña, hornallas de gas, y el baño. También, trae un generador de energía autónomo para proporcionar electricidad en distintas áreas.', b'0', 'familiar.png', 5, 59000, 'Familiar 4 personas', 2),
(8, 'Motorhome', 'Un excelente vehículo con todas las comodidades de un hogar. Viene equipado con zonas de descanso, cocina, baño y un área de estar, todo en un solo vehículo. El diseño interior es modular y práctico, para que sea funcional y cómodo durante viajes largos. La cocina incluye una heladera pequeña, hornallas de gas, y el baño. También, trae un generador de energía autónomo para proporcionar electricidad en distintas áreas.', b'0', 'motorhome-megadic.jpg', 0, 160000, 'Motorhome megadic', 3),
(9, 'Trailer', 'Un tráiler es un vehículo sin motor diseñado para ser remolcado por otro vehículo, generalmente una camioneta o camión. Comúnmente se utiliza para el transporte de mercancías, equipamiento o carga de gran volumen y peso. Los tráileres cuentan con ruedas robustas y un sistema de enganche que se conecta al vehículo principal para que el peso y la dirección se manejen adecuadamente. La variedad de tamaños y capacidades permite que los tráileres se adapten tanto para usos comerciales, como en mudanzas o transporte de vehículos recreativos, como botes y motocicletas.', b'0', 'trailer.png', 7, 12000, 'Trailer caravana', 1),
(10, 'Trailer', 'Un tráiler es un vehículo sin motor diseñado para ser remolcado por otro vehículo, generalmente una camioneta o camión. Comúnmente se utiliza para el transporte de mercancías, equipamiento o carga de gran volumen y peso. Los tráileres cuentan con ruedas robustas y un sistema de enganche que se conecta al vehículo principal para que el peso y la dirección se manejen adecuadamente. La variedad de tamaños y capacidades permite que los tráileres se adapten tanto para usos comerciales, como en mudanzas o transporte de vehículos recreativos, como botes y motocicletas.', b'0', 'trailer-kaisen.jpg', 1, 10000, 'Trailer Kaisen', 2),
(11, 'Mini motorhome', 'Un mini motorhome es una versión compacta de los clásicos motorhomes, diseñada especialmente para quienes buscan la experiencia de viaje en una casa rodante, pero con un tamaño más manejable y mayor facilidad de maniobra. Ideal para una o dos personas, el mini motorhome incluye las comodidades básicas, como una pequeña cocina, espacio de almacenamiento, y una cama convertible que optimiza el espacio disponible. Además, su tamaño lo hace ideal para explorar tanto rutas urbanas como caminos rurales, permitiendo a los aventureros moverse con facilidad sin sacrificar el confort en sus escapadas.', b'0', 'mini-wink-camper.jpg', 6, 24000, 'Campervan Japonés', 1),
(12, 'Motorhome', 'Un excelente vehículo con todas las comodidades de un hogar. Viene equipado con zonas de descanso, cocina, baño y un área de estar, todo en un solo vehículo. El diseño interior es modular y práctico, para que sea funcional y cómodo durante viajes largos. La cocina incluye una heladera pequeña, hornallas de gas, y el baño. También, trae un generador de energía autónomo para proporcionar electricidad en distintas áreas.', b'0', 'motorhome-dembellL.jpg', 5, 189000, 'Dembell L', 4),
(13, 'Motorhome', 'Un excelente vehículo con todas las comodidades de un hogar. Viene equipado con zonas de descanso, cocina, baño y un área de estar, todo en un solo vehículo. El diseño interior es modular y práctico, para que sea funcional y cómodo durante viajes largos. La cocina incluye una heladera pequeña, hornallas de gas, y el baño. También, trae un generador de energía autónomo para proporcionar electricidad en distintas áreas.', b'0', 'mh-estrusco.jpg', 1, 72000, 'Motorhome Etrusco', 3),
(14, 'Motorhome', 'Un excelente vehículo con todas las comodidades de un hogar. Viene equipado con zonas de descanso, cocina, baño y un área de estar, todo en un solo vehículo. El diseño interior es modular y práctico, para que sea funcional y cómodo durante viajes largos. La cocina incluye una heladera pequeña, hornallas de gas, y el baño. También, trae un generador de energía autónomo para proporcionar electricidad en distintas áreas.', b'0', 'MotorhomeMercedesSprinter5158.jpg', 3, 89999, 'Mercedes Sprinter', 3),
(15, 'Casa rodante', 'Una casa rodante es un vehículo especialmente diseñado para ofrecer comodidad y funcionalidad a la hora de viajar. Equipadas con varias áreas esenciales como cocina, baño, dormitorio y espacio para almacenamiento, estas casas móviles permiten a sus ocupantes disfrutar de la libertad de recorrer rutas y paisajes sin perder el confort de un hogar. Las casas rodantes vienen en diversos tamaños y estilos, desde modelos compactos hasta versiones familiares, y están pensadas para adaptarse a diferentes tipos de aventuras, ya sean largos viajes por carretera o escapadas de fin de semana. Ideales para quienes buscan un estilo de vida nómada o simplemente desean explorar nuevos destinos con flexibilidad y comodidad.', b'0', 'casa-ikea.jpg', 5, 47000, 'Casa rodante IKEA', 3);

INSERT INTO `producto_adicional` (`id`, `adicional_id`, `producto_id`) VALUES
(1, 1, 1),
(2, 3, 1),
(3, 4, 1),
(4, 2, 2),
(5, 3, 2),
(6, 1, 4),
(7, 1, 5),
(8, 4, 5),
(9, 5, 6),
(10, 4, 6),
(11, 1, 6),
(12, 3, 6),
(13, 1, 7),
(14, 4, 7),
(15, 4, 8),
(16, 6, 8),
(17, 2, 8),
(18, 1, 12),
(19, 2, 12),
(20, 3, 12),
(21, 4, 12),
(22, 5, 12),
(23, 6, 12),
(24, 2, 13),
(25, 5, 13),
(26, 2, 14),
(27, 3, 14),
(28, 1, 14),
(29, 5, 14),
(30, 3, 15),
(31, 4, 15);
